Combat_Number,Sanguine Dagger (4d6),Sanguine Dagger,Baseline Rapier +1,Sanguine Dagger (4d6),Sanguine Dagger,Baseline Rapier +1,Sanguine Dagger (4d6),Sanguine Dagger,Baseline Rapier +1
1,171,187,101,290,254,223,160,245,134
2,158,169,156,301,312,281,168,119,174
3,188,102,102,308,322,274,172,176,136
4,123,196,164,299,243,288,275,180,131
5,70,134,87,377,312,188,213,77,179
6,167,102,119,353,345,301,234,148,180
7,125,146,110,342,317,264,209,146,210
8,181,137,106,346,373,329,289,139,219
9,150,136,154,384,259,278,195,153,139
10,77,178,189,314,367,301,154,173,168
11,246,147,105,318,233,338,153,234,210
12,113,130,142,268,344,214,292,200,106
13,90,193,77,268,263,228,133,158,183
14,201,98,174,340,325,289,211,185,218
15,119,141,128,261,318,243,236,157,204
16,117,65,180,313,322,312,220,226,55
17,119,116,136,371,276,313,174,201,133
18,125,81,89,309,260,338,241,259,221
19,111,128,115,298,386,300,241,247,242
20,138,69,165,246,339,326,230,154,176
21,81,193,148,317,240,234,278,237,163
22,83,117,96,354,250,316,187,134,147
23,139,127,152,297,336,278,141,133,147
24,118,102,74,266,369,308,204,155,192
25,178,88,92,387,407,270,252,160,200
26,116,98,130,348,343,331,219,145,126
27,89,179,156,254,339,229,222,177,167
28,144,130,143,270,348,248,147,175,115
29,102,143,172,398,279,220,167,231,211
30,181,153,155,378,277,240,219,150,199
31,166,124,159,286,410,234,125,145,130
32,117,104,156,370,259,312,196,187,108
33,157,141,166,337,256,224,169,220,106
34,129,131,110,310,368,313,165,173,145
35,134,171,154,310,292,239,185,223,207
36,111,191,171,338,346,324,205,155,194
37,73,123,133,395,307,272,217,201,137
38,72,146,139,343,367,253,227,275,178
39,224,105,145,304,323,323,222,252,142
40,126,95,152,365,322,282,208,187,159
41,143,145,139,368,276,296,159,129,182
42,115,165,157,337,364,258,220,126,150
43,87,139,156,315,223,227,132,202,159
44,158,135,145,343,315,244,273,258,225
45,99,89,77,310,351,263,244,166,81
46,93,136,127,349,347,249,298,253,191
47,134,124,182,294,354,247,264,183,175
48,210,64,100,244,360,328,206,101,165
49,103,59,85,375,287,308,197,121,223
50,126,37,167,330,319,232,214,245,193
51,37,179,125,307,288,340,184,189,137
52,103,91,90,345,350,311,314,192,142
53,173,157,73,278,298,314,142,161,108
54,125,154,96,278,378,235,114,266,216
55,165,162,77,300,290,244,152,168,181
56,177,153,120,320,323,259,145,182,187
57,118,127,108,281,337,267,108,227,136
58,110,110,145,399,329,289,218,157,103
59,136,170,160,322,347,302,128,166,93
60,192,83,97,332,349,211,180,261,175
61,149,117,116,265,295,261,284,120,181
62,166,122,117,348,298,330,182,159,171
63,143,116,167,324,296,281,216,145,138
64,116,140,128,269,306,284,262,185,179
65,136,132,139,303,449,299,237,308,119
66,135,144,153,258,268,273,227,221,96
67,148,156,125,339,278,224,219,154,147
68,140,104,84,299,389,262,154,196,150
69,126,117,124,334,299,312,189,216,146
70,137,129,111,376,363,301,212,225,174
71,108,193,166,317,353,329,187,176,228
72,112,165,142,304,261,237,236,199,123
73,143,139,167,364,270,318,196,160,187
74,155,155,124,345,341,196,129,225,243
75,78,155,129,310,295,268,133,203,138
76,149,182,72,375,294,343,214,218,147
77,139,158,97,372,276,264,189,192,151
78,171,130,79,291,354,243,133,237,148
79,162,156,127,286,279,254,259,198,174
80,126,87,168,377,243,268,140,167,194
81,146,169,73,283,400,264,140,121,180
82,147,148,120,367,351,269,124,190,199
83,135,187,117,298,243,332,187,174,161
84,157,101,136,329,199,235,120,201,201
85,134,171,128,350,363,300,168,160,197
86,115,138,140,248,271,306,189,205,84
87,169,131,116,304,303,297,139,215,183
88,121,115,120,310,367,308,193,142,132
89,162,127,175,285,264,223,164,171,165
90,158,177,89,338,343,306,143,283,166
91,112,122,150,326,394,301,196,244,290
92,187,179,175,264,278,210,201,178,105
93,183,100,143,269,324,264,150,162,221
94,116,120,152,362,368,270,134,194,167
95,165,87,133,342,356,227,177,254,127
96,205,138,141,336,314,358,92,188,254
97,146,177,126,243,309,326,168,226,163
98,160,123,120,319,399,318,171,202,146
99,170,121,110,371,321,304,172,232,187
100,134,125,149,301,359,278,155,263,170
101,142,157,105,243,321,276,120,217,185
102,115,175,159,336,287,311,236,125,132
103,109,184,97,339,389,233,246,236,146
104,126,112,118,309,282,231,215,218,137
105,164,81,167,315,293,283,221,215,148
106,123,114,146,329,317,192,169,172,151
107,134,203,115,347,337,291,196,259,213
108,134,178,137,317,336,290,277,132,159
109,108,188,134,387,308,307,172,234,197
110,205,100,104,286,230,238,197,225,162
111,87,207,159,357,282,288,170,171,202
112,65,153,164,230,390,323,225,169,233
113,145,157,142,322,259,249,114,216,75
114,157,186,134,279,311,311,130,200,150
115,91,127,152,389,311,309,277,107,157
116,169,133,120,338,361,286,162,164,102
117,112,112,96,329,382,274,248,212,197
118,208,137,158,308,297,245,268,110,151
119,151,133,76,318,324,287,200,169,128
120,129,123,154,328,315,285,204,211,226
121,163,204,127,244,413,330,235,219,170
122,89,106,156,217,274,252,192,213,185
123,64,112,130,355,316,318,156,132,187
124,165,128,150,354,335,247,241,136,184
125,149,92,171,389,383,302,120,235,117
126,186,172,174,328,321,217,148,185,144
127,149,114,58,356,302,246,244,72,156
128,109,143,90,209,287,245,247,239,135
129,144,163,96,272,244,316,126,115,103
130,95,115,120,309,274,147,217,164,234
131,173,191,134,298,338,277,161,205,150
132,208,132,51,262,297,226,146,218,114
133,121,183,128,228,300,220,180,211,151
134,201,109,157,321,278,227,176,178,204
135,163,61,170,380,299,212,156,236,180
136,152,162,100,284,401,144,160,274,220
137,132,120,189,346,360,311,146,213,140
138,152,136,118,363,260,260,64,174,203
139,110,132,87,326,338,177,256,185,226
140,127,187,135,275,324,300,233,165,203
141,138,123,77,248,332,242,216,237,224
142,135,107,82,436,359,323,246,158,187
143,144,138,139,206,256,224,146,109,140
144,113,101,145,253,331,281,226,102,164
145,155,196,117,376,264,333,206,173,162
146,108,17,159,322,380,273,235,162,176
147,107,150,115,376,282,322,127,209,156
148,115,143,132,310,281,266,233,126,184
149,110,81,145,276,373,271,150,173,157
150,194,136,121,287,340,251,200,190,95
151,67,124,134,281,245,255,234,215,176
152,142,122,125,391,368,250,157,201,216
153,205,136,179,332,406,285,173,218,152
154,106,184,147,313,315,249,142,225,144
155,129,63,165,315,321,299,162,191,148
156,95,100,137,263,283,240,119,196,222
157,174,193,96,279,374,266,178,228,113
158,153,118,88,385,274,344,96,187,134
159,107,137,132,369,357,253,183,99,135
160,162,151,153,344,295,194,205,133,175
161,161,112,146,209,364,233,180,157,166
162,81,178,156,273,333,270,191,236,199
163,111,34,103,301,303,262,236,240,188
164,138,85,167,287,287,349,159,197,164
165,151,92,107,347,229,235,204,274,191
166,131,138,188,290,262,309,169,245,169
167,153,158,93,268,352,322,193,198,118
168,197,30,148,326,267,332,167,191,146
169,115,91,157,300,309,227,219,168,149
170,138,137,145,319,297,277,141,175,175
171,166,125,114,314,335,233,214,186,122
172,100,121,77,349,261,319,140,239,150
173,124,122,159,320,291,274,223,216,198
174,130,182,149,294,403,294,228,80,153
175,137,150,199,246,323,307,239,248,140
176,200,146,130,328,290,300,200,111,255
177,106,198,137,236,296,247,159,193,94
178,98,119,114,357,282,273,215,171,165
179,115,176,124,278,324,302,262,159,102
180,128,114,102,344,270,253,188,191,227
181,182,168,151,380,441,300,211,228,123
182,103,122,93,364,343,340,216,195,193
183,86,189,51,334,273,280,181,220,235
184,135,144,84,397,344,319,171,203,212
185,126,165,128,327,404,329,208,139,160
186,123,159,65,339,296,261,241,144,166
187,173,71,145,318,323,297,189,197,171
188,147,124,50,344,298,283,139,91,177
189,117,92,167,370,313,326,249,218,149
190,116,139,104,264,328,225,235,204,92
191,85,158,139,315,305,266,194,244,118
192,46,182,137,367,304,241,124,106,154
193,185,115,114,243,320,282,217,199,157
194,136,167,152,284,369,332,137,87,221
195,149,127,121,331,307,291,168,252,186
196,132,172,159,349,263,261,146,206,107
197,139,179,105,265,289,270,259,267,142
198,100,137,70,322,314,257,135,215,126
199,126,187,116,362,346,249,196,163,160
200,82,113,150,387,242,296,201,137,241
201,171,122,146,355,304,277,140,274,107
202,126,100,147,340,275,270,243,99,159
203,180,174,140,313,360,250,210,255,196
204,183,178,175,316,341,306,175,183,209
205,59,123,211,344,323,204,121,142,201
206,147,64,118,310,293,302,210,84,143
207,137,189,157,356,349,295,196,222,205
208,91,99,102,283,234,236,120,154,172
209,178,226,96,363,306,280,238,179,155
210,185,114,116,206,290,268,210,84,184
211,75,52,111,300,294,277,97,194,113
212,142,173,133,346,334,279,207,231,134
213,171,122,132,373,294,298,173,210,131
214,126,171,144,304,362,269,181,167,118
215,178,207,69,319,269,265,120,182,192
216,138,169,113,301,346,337,173,142,166
217,85,122,137,344,363,284,202,211,177
218,77,115,202,396,406,239,256,171,167
219,184,137,108,275,298,250,121,149,147
220,167,105,137,267,321,245,209,276,160
221,116,170,154,338,378,320,164,198,159
222,120,56,87,326,360,283,169,207,260
223,98,230,124,374,354,266,217,178,144
224,171,105,112,409,230,312,219,102,95
225,66,200,77,277,329,256,192,207,162
226,243,156,124,346,278,287,180,263,123
227,110,96,159,355,310,306,188,140,204
228,131,104,95,247,374,189,171,238,156
229,169,65,42,377,381,329,204,154,162
230,151,141,118,327,298,309,156,103,210
231,111,123,105,313,362,293,138,218,84
232,170,169,154,371,298,141,105,155,176
233,93,166,167,323,376,282,162,205,153
234,206,70,120,373,318,261,95,202,187
235,203,153,154,382,276,252,264,145,230
236,168,112,109,283,351,345,189,188,170
237,178,104,131,394,257,308,131,190,222
238,194,116,118,310,191,217,163,172,114
239,148,174,17,259,322,280,173,198,158
240,156,32,106,343,273,287,229,216,142
241,176,165,144,351,361,333,130,161,177
242,133,153,141,247,345,284,233,184,109
243,111,156,107,337,236,306,160,232,138
244,131,140,79,264,335,274,171,135,139
245,105,97,137,346,353,254,179,86,118
246,86,154,134,308,372,337,187,261,96
247,187,83,92,311,198,280,215,139,122
248,118,115,164,434,375,257,247,244,268
249,130,48,135,350,344,298,180,183,164
250,112,94,101,290,397,295,114,151,233
251,86,144,110,378,317,280,162,134,227
252,135,141,130,329,356,228,269,140,168
253,166,153,92,348,361,327,121,299,149
254,148,156,128,328,274,311,126,217,187
255,177,146,134,295,379,269,186,208,199
256,68,103,185,348,431,307,215,273,147
257,113,118,132,422,309,265,168,152,189
258,110,167,200,253,324,260,173,154,147
259,180,154,120,288,238,323,239,195,165
260,121,80,145,264,299,260,188,148,140
261,154,118,117,316,339,299,273,184,187
262,138,147,178,325,352,305,126,228,120
263,106,173,126,289,284,143,185,217,198
264,155,108,99,338,297,254,255,184,237
265,138,121,50,379,385,309,163,108,262
266,177,124,142,271,314,189,171,279,163
267,91,98,67,292,256,261,152,223,138
268,185,162,160,381,289,236,232,306,150
269,195,190,182,381,351,263,230,160,156
270,173,160,97,315,302,292,201,211,195
271,145,101,144,379,391,317,227,177,250
272,195,147,109,313,291,203,186,141,209
273,213,140,55,260,275,225,277,205,174
274,101,103,103,281,253,240,232,123,186
275,118,148,95,268,336,340,212,151,187
276,119,177,116,395,324,276,234,187,187
277,90,97,99,328,323,270,182,168,185
278,191,202,151,296,293,318,171,85,188
279,122,149,139,373,357,291,187,230,154
280,162,107,59,261,349,302,85,243,172
281,161,107,144,341,256,233,166,224,162
282,105,141,92,311,311,272,243,212,156
283,130,96,98,288,350,292,197,131,219
284,169,116,92,257,403,248,225,224,168
285,146,148,122,390,342,222,146,261,141
286,124,144,64,334,255,222,136,93,158
287,153,120,135,311,355,316,242,222,134
288,214,136,117,332,174,290,161,112,172
289,137,82,157,408,290,250,197,178,186
290,79,132,119,348,370,247,210,199,224
291,115,153,163,280,348,287,215,212,225
292,162,56,173,286,367,288,125,249,108
293,96,88,125,347,260,249,247,105,113
294,181,128,109,361,371,254,173,108,105
295,104,172,150,359,268,319,181,192,203
296,114,140,113,276,254,257,191,211,178
297,129,110,165,289,315,330,128,107,185
298,188,172,105,256,297,267,175,164,189
299,87,111,147,313,371,310,250,168,158
300,163,122,137,385,304,310,280,161,125
301,97,127,89,411,193,314,146,195,188
302,136,71,122,358,322,287,211,198,178
303,101,95,132,288,292,272,214,195,127
304,138,178,116,346,334,252,238,142,161
305,161,164,110,340,282,263,196,179,162
306,78,105,86,325,283,258,186,229,161
307,217,149,72,325,328,210,169,206,151
308,163,79,171,386,378,220,148,183,163
309,145,166,179,313,250,250,148,226,149
310,194,164,133,310,349,297,209,127,190
311,154,201,139,213,255,282,128,158,250
312,92,115,82,409,304,237,283,202,150
313,95,117,154,288,281,277,295,247,144
314,195,84,125,228,381,298,124,192,143
315,47,141,113,353,306,270,207,194,135
316,122,158,115,302,353,355,140,209,144
317,181,171,118,302,298,352,220,276,229
318,106,79,168,327,259,319,195,117,152
319,163,73,109,368,344,274,165,152,134
320,161,142,88,329,346,217,182,232,159
321,124,157,155,308,271,250,241,219,255
322,165,133,137,301,400,239,258,189,218
323,138,169,101,281,345,343,114,243,165
324,151,147,168,274,330,262,229,229,272
325,103,212,144,302,298,312,169,193,145
326,133,107,119,240,389,238,252,198,213
327,136,134,113,183,305,236,209,190,167
328,121,86,121,248,382,295,153,138,65
329,134,180,125,324,294,237,134,148,159
330,163,126,168,339,342,313,207,165,132
331,117,32,131,338,340,306,202,185,235
332,178,112,148,283,362,244,177,202,170
333,87,135,186,365,290,288,260,232,180
334,217,190,93,266,378,267,166,129,230
335,139,33,84,312,256,268,160,212,135
336,111,173,122,276,294,335,216,191,188
337,113,122,135,297,339,302,182,135,146
338,65,204,108,279,365,261,180,144,154
339,164,155,79,346,240,320,149,124,131
340,161,161,159,292,296,272,249,197,170
341,155,110,142,346,359,230,146,163,131
342,108,127,110,296,330,267,192,268,123
343,210,164,148,381,336,240,194,131,185
344,178,142,116,270,326,242,35,249,194
345,147,68,166,396,398,327,170,182,137
346,152,114,112,388,390,304,159,138,199
347,130,111,111,269,351,300,289,172,152
348,150,133,114,321,282,339,167,214,190
349,155,70,138,366,315,231,230,290,222
350,101,224,151,311,330,328,158,235,204
351,95,137,98,416,374,287,203,182,264
352,155,174,197,337,291,296,130,215,141
353,187,125,107,302,342,281,203,175,206
354,184,91,125,317,228,316,174,161,179
355,212,172,82,288,334,280,183,209,192
356,159,155,111,372,257,317,164,191,195
357,156,98,144,307,279,299,165,291,137
358,135,76,116,298,323,226,102,220,250
359,97,150,100,399,327,253,201,60,165
360,177,158,173,350,347,274,236,259,230
361,154,90,101,291,327,333,185,165,38
362,110,123,90,238,283,224,160,189,179
363,188,161,151,347,341,232,182,262,165
364,176,78,181,270,372,331,200,118,134
365,85,158,96,344,293,240,166,214,197
366,88,106,124,370,378,301,240,171,130
367,133,114,102,314,251,266,200,136,182
368,173,192,130,361,253,268,153,224,177
369,152,157,77,293,379,261,191,177,214
370,154,124,139,298,412,236,272,158,137
371,182,203,86,299,354,165,187,211,166
372,107,157,112,372,391,172,55,187,172
373,145,152,144,379,362,294,195,195,215
374,89,68,82,321,244,334,224,230,193
375,129,95,107,316,349,304,225,156,150
376,114,210,147,275,295,328,175,93,84
377,115,142,134,299,335,250,193,244,192
378,92,158,134,283,399,269,100,149,96
379,166,90,166,279,330,250,165,201,177
380,132,105,139,304,381,249,182,193,144
381,118,102,143,253,337,259,259,178,142
382,142,144,149,329,396,328,180,217,174
383,56,169,153,282,358,248,177,194,194
384,143,64,141,331,357,244,124,235,192
385,193,170,113,314,314,329,192,228,171
386,152,130,106,315,268,227,279,231,140
387,188,114,85,409,359,243,219,198,192
388,112,122,141,333,241,323,255,162,259
389,172,154,137,366,238,311,213,205,162
390,166,222,96,310,350,215,281,118,270
391,163,112,207,282,244,256,229,214,96
392,99,157,122,225,319,314,205,217,129
393,144,131,146,307,268,356,213,222,208
394,134,178,110,222,231,202,227,163,220
395,159,118,149,368,326,265,105,155,206
396,143,142,121,248,334,322,194,162,205
397,147,166,114,336,281,211,153,283,187
398,171,74,125,291,349,249,172,110,174
399,130,190,152,277,380,296,255,172,182
400,112,126,161,307,348,258,99,267,197
401,136,180,80,299,370,337,151,141,120
402,138,103,102,276,323,294,254,188,226
403,160,164,128,342,372,263,220,189,128
404,167,120,133,282,359,217,129,256,191
405,153,186,150,380,289,252,234,179,164
406,175,146,134,303,225,325,194,159,177
407,166,124,84,301,283,210,191,221,144
408,103,114,97,324,304,229,197,231,165
409,158,94,117,408,312,312,171,123,152
410,153,136,130,401,368,276,119,215,163
411,120,135,119,294,294,280,110,186,167
412,130,154,134,327,369,331,152,143,88
413,124,188,71,264,260,190,264,137,198
414,111,110,123,298,310,307,197,261,217
415,206,145,153,246,294,327,222,194,133
416,72,176,116,298,381,265,199,202,126
417,100,54,139,329,301,239,173,137,210
418,201,54,129,329,353,224,150,250,145
419,95,158,113,373,278,263,246,202,184
420,126,159,104,291,326,313,173,177,126
421,181,165,107,263,222,303,276,223,119
422,103,163,130,244,340,268,167,255,176
423,120,185,139,318,363,217,215,208,198
424,153,104,85,336,370,244,175,248,226
425,109,119,110,316,318,275,210,209,168
426,136,160,143,280,300,262,219,223,194
427,130,144,124,323,332,262,254,137,154
428,159,126,115,347,354,320,215,234,157
429,156,164,133,280,378,258,223,140,104
430,115,108,110,278,276,210,151,181,140
431,108,184,99,216,302,240,225,149,204
432,170,116,177,318,305,292,114,212,110
433,162,194,125,302,182,275,202,182,142
434,84,131,149,309,268,329,179,134,171
435,161,37,128,295,274,243,271,148,181
436,189,104,117,373,329,366,113,152,232
437,159,153,115,192,364,258,143,213,143
438,204,101,111,324,370,222,156,137,95
439,103,161,89,332,322,252,220,137,172
440,131,139,86,354,237,304,227,195,235
441,127,100,142,265,421,301,168,266,198
442,123,84,135,319,327,300,229,115,102
443,118,74,94,314,354,242,207,218,196
444,135,155,70,385,306,276,158,240,191
445,137,143,122,287,289,263,95,168,140
446,120,125,128,363,339,279,249,106,229
447,144,170,152,324,319,295,185,240,260
448,128,166,185,304,328,320,152,272,219
449,121,92,115,310,381,230,228,169,136
450,177,207,187,300,267,253,191,255,196
451,142,113,108,367,381,276,85,226,197
452,118,119,92,281,372,237,200,130,163
453,175,194,145,393,216,258,98,198,218
454,127,175,180,271,332,225,139,153,152
455,101,107,131,284,338,237,281,221,145
456,163,74,93,336,322,242,256,162,159
457,138,160,142,363,212,200,166,170,252
458,178,143,92,187,349,235,129,136,166
459,110,107,148,350,294,327,279,167,95
460,129,199,120,265,420,222,155,157,184
461,124,196,131,337,235,253,178,253,237
462,133,143,135,284,297,285,172,223,147
463,130,190,94,333,308,233,203,124,155
464,160,163,77,250,278,278,260,199,192
465,113,121,78,290,282,269,171,156,201
466,140,135,166,286,379,314,192,131,227
467,152,176,125,316,351,224,200,139,131
468,142,169,147,278,365,263,195,183,116
469,163,160,55,355,310,353,220,217,204
470,189,100,163,318,383,262,207,237,188
471,95,173,136,326,338,274,92,176,149
472,157,79,77,332,263,310,161,231,119
473,120,113,110,373,301,208,286,210,158
474,132,95,104,263,264,312,120,175,195
475,121,104,92,294,236,238,186,184,188
476,137,158,102,344,316,343,210,255,164
477,120,123,144,348,320,221,139,204,167
478,88,147,149,279,323,262,174,94,144
479,219,101,104,299,348,309,168,210,179
480,153,103,119,269,341,275,240,217,147
481,90,115,116,264,271,239,172,204,128
482,118,114,152,269,321,243,124,159,196
483,196,174,117,286,286,263,139,153,175
484,120,84,114,325,259,336,145,136,196
485,168,175,97,277,319,168,167,171,183
486,157,144,124,438,322,260,235,185,242
487,126,72,79,320,313,241,286,246,161
488,114,164,99,326,332,227,230,173,113
489,72,128,93,222,303,311,248,195,140
490,93,103,162,365,314,292,170,136,150
491,129,98,114,232,255,189,225,147,258
492,126,152,135,340,331,235,250,192,138
493,133,116,119,306,324,311,223,176,180
494,152,184,102,376,285,241,109,176,207
495,145,194,86,373,339,204,160,166,224
496,145,146,119,303,260,255,232,275,182
497,142,85,125,318,273,259,196,175,183
498,126,147,130,282,336,238,160,224,149
499,114,127,121,339,344,241,205,205,182
500,167,118,105,348,288,292,159,147,142
501,150,156,136,307,316,255,164,145,173
502,168,130,126,299,262,230,247,138,150
503,91,102,43,359,322,257,179,116,160
504,145,152,106,352,331,264,181,176,124
505,80,152,75,341,293,304,182,192,225
506,118,137,71,367,292,331,297,228,175
507,153,156,103,356,346,260,122,175,227
508,173,79,147,213,334,286,125,210,146
509,113,114,91,334,306,276,147,172,181
510,131,117,132,392,325,287,160,221,210
511,116,117,130,327,369,281,232,290,196
512,185,121,152,375,294,315,164,183,121
513,146,204,134,355,321,248,198,164,161
514,145,102,116,306,348,299,132,221,123
515,102,173,123,336,254,297,262,190,208
516,139,163,86,308,314,287,128,192,188
517,150,221,96,271,324,273,163,233,203
518,121,180,102,361,279,273,175,180,246
519,145,114,108,267,335,294,267,256,160
520,130,169,79,369,403,284,138,189,141
521,197,97,139,335,359,287,161,258,187
522,175,156,177,226,262,321,165,292,202
523,111,139,156,219,258,302,210,225,136
524,127,102,127,275,317,274,164,290,137
525,107,171,128,294,312,260,120,146,184
526,176,116,149,328,274,290,176,175,225
527,99,136,149,320,215,235,189,231,155
528,214,132,89,300,335,330,159,174,192
529,127,166,69,275,289,307,230,191,147
530,146,121,118,320,278,293,240,158,201
531,186,131,119,337,293,297,255,179,216
532,169,65,110,346,319,292,203,208,164
533,146,137,144,275,310,260,157,230,165
534,137,111,110,300,324,232,232,184,112
535,148,107,150,346,373,307,103,213,114
536,164,138,122,282,357,303,118,253,241
537,61,185,77,350,352,193,199,166,139
538,195,106,205,291,180,325,163,226,160
539,135,86,111,348,284,199,204,190,177
540,174,120,99,304,230,205,146,150,167
541,139,149,122,292,318,272,169,128,181
542,187,173,106,251,277,240,237,204,201
543,148,146,106,331,331,312,118,187,238
544,177,67,107,322,301,308,165,205,152
545,180,133,123,361,286,269,190,241,113
546,86,172,165,359,311,244,156,159,158
547,143,180,120,323,238,266,209,233,136
548,143,137,140,356,337,283,198,218,77
549,146,192,71,231,291,223,146,199,156
550,115,150,141,377,310,348,176,160,183
551,158,117,108,400,334,278,309,188,166
552,117,128,51,332,318,269,204,226,215
553,158,126,101,336,324,243,199,214,219
554,97,148,134,277,312,314,233,210,142
555,187,161,128,385,339,254,175,203,155
556,144,123,139,342,328,258,299,142,116
557,149,85,169,342,382,192,181,223,147
558,95,129,107,269,300,223,183,281,195
559,207,118,137,258,273,272,211,122,181
560,182,115,141,373,271,285,177,100,181
561,153,191,109,324,337,259,138,230,200
562,140,161,118,301,266,227,171,200,205
563,169,125,106,313,272,320,216,133,172
564,120,146,111,291,326,213,177,162,210
565,156,119,83,389,234,321,209,172,163
566,182,164,78,250,369,332,136,204,174
567,56,148,111,297,356,205,231,153,152
568,153,94,150,235,363,244,158,122,185
569,158,131,114,350,292,327,118,165,129
570,143,212,99,282,301,190,145,230,219
571,116,130,182,327,222,278,275,121,161
572,154,144,170,247,366,306,158,150,157
573,156,143,147,303,341,298,274,145,197
574,106,107,149,302,347,227,237,284,225
575,222,142,90,408,324,259,232,197,223
576,125,154,138,367,350,254,223,224,132
577,170,135,84,321,410,239,221,191,160
578,149,142,79,304,205,305,232,256,235
579,130,139,96,284,261,303,200,263,220
580,183,119,161,420,365,321,229,207,232
581,168,174,84,318,289,309,179,204,172
582,106,141,111,323,403,296,207,183,167
583,127,93,193,291,294,255,239,315,180
584,159,143,164,352,379,227,117,248,222
585,134,111,127,287,242,325,228,184,176
586,142,148,85,278,310,306,197,187,164
587,172,75,103,266,343,320,168,223,185
588,109,159,153,345,340,285,261,202,133
589,180,144,126,275,245,224,84,133,240
590,202,67,167,238,347,291,198,179,200
591,115,165,145,295,318,335,201,172,200
592,106,174,144,274,355,242,162,216,148
593,179,154,134,381,278,279,201,299,192
594,144,148,119,304,357,312,236,171,199
595,121,129,181,365,302,253,168,168,151
596,140,162,170,333,366,282,150,192,147
597,129,131,142,311,276,327,200,239,207
598,197,90,143,339,275,175,202,172,162
599,68,131,107,392,387,269,189,204,61
600,110,117,102,348,208,308,187,303,146
601,149,127,143,381,342,316,250,161,141
602,95,154,118,297,299,272,140,140,189
603,85,174,112,334,339,303,177,146,106
604,132,115,112,308,283,209,173,133,113
605,95,138,154,311,261,278,188,229,191
606,136,202,102,379,283,233,212,183,213
607,169,78,137,280,274,206,133,194,244
608,166,166,130,344,295,277,148,199,118
609,102,120,138,289,245,283,213,200,177
610,167,165,161,305,243,223,197,146,143
611,121,141,130,335,317,282,176,225,146
612,138,154,118,356,283,270,174,195,114
613,150,50,154,282,298,233,202,175,230
614,165,139,114,373,308,225,241,227,122
615,187,160,98,310,333,265,171,150,141
616,170,200,91,304,400,252,214,225,192
617,84,177,93,234,260,274,224,134,120
618,153,110,91,307,268,253,138,168,153
619,121,159,129,340,312,270,121,174,166
620,194,184,137,290,312,384,124,216,127
621,131,111,180,358,317,247,240,154,210
622,91,175,141,236,373,206,207,223,192
623,139,160,112,392,231,239,293,156,123
624,138,128,131,342,304,214,241,155,157
625,136,132,157,310,352,280,230,210,137
626,151,150,113,249,332,246,141,159,212
627,124,167,73,324,341,290,214,177,191
628,192,150,151,327,328,282,152,164,163
629,122,172,92,277,284,293,209,257,156
630,146,179,124,349,275,233,172,198,155
631,158,119,155,343,275,294,252,177,241
632,93,202,83,351,259,322,204,215,203
633,124,92,118,345,359,199,183,213,168
634,71,131,156,276,328,249,169,184,158
635,186,208,118,246,340,305,182,241,215
636,138,142,123,353,366,287,162,299,183
637,114,206,115,336,339,238,181,128,147
638,95,98,172,345,285,245,191,209,256
639,132,213,80,342,261,263,190,269,253
640,209,160,115,293,227,271,254,259,102
641,77,152,101,349,342,285,158,199,155
642,157,93,101,355,334,338,159,228,262
643,160,108,140,316,266,223,263,157,127
644,141,162,103,378,329,271,255,191,172
645,141,163,160,372,258,259,195,200,91
646,177,131,152,302,303,238,176,169,163
647,128,191,115,332,322,231,137,244,164
648,148,115,125,281,417,305,187,273,117
649,115,173,145,356,355,260,120,145,147
650,192,148,185,373,260,291,278,182,136
651,83,150,94,391,317,256,194,225,136
652,130,202,138,288,331,317,206,234,139
653,143,141,177,321,281,332,269,145,196
654,124,98,90,309,358,296,289,208,119
655,127,131,57,348,391,237,235,235,86
656,104,99,90,343,369,258,165,199,218
657,161,150,119,330,322,279,236,205,198
658,78,109,93,282,368,216,260,262,249
659,142,155,200,361,349,308,200,213,115
660,159,100,172,347,346,232,215,237,153
661,134,117,98,278,342,254,209,163,235
662,209,163,97,346,371,311,139,180,169
663,161,160,133,309,353,271,166,157,173
664,137,167,121,393,358,257,181,176,194
665,111,206,101,335,295,312,228,168,178
666,107,141,162,348,313,286,170,203,177
667,131,151,96,320,310,287,210,103,146
668,159,143,136,325,300,243,170,149,208
669,115,79,126,315,345,178,121,158,221
670,161,168,142,272,263,283,180,178,211
671,153,137,145,334,277,247,155,193,145
672,168,94,119,362,242,295,294,155,173
673,164,116,130,300,319,243,191,203,200
674,60,147,106,326,338,309,183,257,180
675,90,184,109,278,340,301,265,181,186
676,131,136,116,331,285,249,114,191,198
677,105,148,101,312,299,219,224,246,219
678,175,159,108,338,316,296,196,239,182
679,210,147,158,221,262,334,226,212,163
680,112,144,130,329,363,275,244,150,156
681,186,210,139,334,351,217,198,203,175
682,138,169,114,217,288,275,123,137,166
683,120,115,116,307,312,301,213,198,195
684,118,122,178,322,248,287,168,182,166
685,146,126,131,351,336,367,96,168,206
686,231,174,146,360,306,268,231,162,190
687,117,144,111,339,377,282,93,262,126
688,95,87,111,300,346,297,237,163,198
689,127,86,126,282,363,220,146,129,122
690,187,177,134,364,314,286,196,186,148
691,135,160,139,335,212,328,242,125,135
692,146,119,186,290,337,240,266,196,217
693,162,99,131,249,357,243,231,197,187
694,154,124,74,367,352,265,191,222,126
695,207,179,104,355,362,228,190,244,162
696,188,172,134,239,357,276,127,197,145
697,126,137,113,372,307,300,241,199,128
698,165,68,114,350,308,284,185,143,121
699,163,106,155,275,265,292,140,123,244
700,142,109,128,300,397,252,286,208,167
701,126,152,152,293,370,322,213,193,206
702,131,114,84,344,396,216,185,229,143
703,181,109,76,362,283,275,117,239,135
704,93,131,96,289,281,269,156,229,213
705,141,112,125,276,368,299,216,175,208
706,164,138,160,344,322,267,213,245,137
707,171,122,162,305,282,282,242,133,135
708,120,110,157,250,309,254,299,98,123
709,103,131,93,272,363,270,142,147,144
710,134,140,190,301,306,249,91,263,170
711,137,115,136,391,314,252,205,201,214
712,196,84,94,276,296,320,249,290,159
713,82,132,128,368,387,287,228,176,150
714,91,123,104,269,320,263,177,130,179
715,74,157,95,372,282,308,179,189,181
716,181,147,96,351,253,274,132,143,131
717,202,113,125,334,267,272,229,182,231
718,146,128,90,343,356,231,202,265,178
719,159,116,72,308,308,308,220,187,142
720,178,137,132,332,313,285,150,142,171
721,187,140,99,312,233,277,224,213,160
722,109,141,96,267,331,303,260,199,237
723,126,107,105,317,301,250,237,161,219
724,84,183,143,337,372,296,281,260,164
725,162,105,140,384,409,237,97,234,181
726,135,55,150,314,231,280,215,180,146
727,117,176,153,384,382,261,217,250,115
728,118,183,135,263,314,266,159,143,181
729,170,170,167,348,328,244,270,257,128
730,128,96,138,356,335,264,129,255,220
731,137,121,182,430,346,255,213,209,130
732,199,166,148,284,307,304,167,326,203
733,129,123,132,396,303,274,256,155,203
734,183,159,109,337,305,326,224,276,142
735,110,104,102,332,258,249,157,260,189
736,118,159,111,340,374,243,273,202,142
737,166,186,127,342,329,305,234,161,173
738,203,136,82,234,329,270,199,180,138
739,164,125,98,355,224,253,233,165,206
740,89,138,176,345,334,221,170,135,154
741,176,58,87,326,258,204,211,212,160
742,177,92,131,317,345,285,172,183,110
743,107,82,145,310,317,255,77,216,182
744,132,193,160,298,335,306,113,132,138
745,104,111,163,301,253,210,191,185,208
746,90,150,110,268,330,270,191,199,236
747,162,101,115,270,329,347,227,260,178
748,183,95,152,276,367,215,155,269,189
749,149,166,83,259,274,278,207,141,213
750,171,153,145,387,299,281,119,137,149
751,195,143,138,303,386,225,223,125,156
752,154,145,194,397,245,325,172,142,87
753,123,138,121,278,306,206,266,205,97
754,144,182,156,263,305,291,147,185,214
755,90,151,70,343,338,257,211,204,200
756,82,190,124,251,301,294,213,224,118
757,206,90,90,278,319,301,185,192,134
758,152,147,103,292,288,281,214,186,151
759,139,183,138,292,402,278,186,171,184
760,123,113,116,326,317,246,244,197,181
761,183,96,104,319,335,236,129,213,200
762,113,122,138,417,346,231,210,213,187
763,116,119,95,336,342,342,190,255,116
764,155,145,188,295,337,307,147,204,191
765,185,121,103,284,348,289,142,107,182
766,122,210,122,302,311,340,232,130,204
767,197,80,183,376,263,245,247,217,179
768,196,177,122,304,330,268,96,185,186
769,93,126,120,303,317,238,246,199,190
770,137,162,156,273,300,314,273,217,148
771,111,156,92,288,286,288,118,217,189
772,168,156,117,313,348,221,133,174,129
773,91,141,157,408,356,299,162,206,213
774,82,161,163,349,341,299,135,171,89
775,172,133,109,363,158,279,206,247,197
776,114,117,177,355,272,279,138,164,127
777,137,186,150,388,314,347,109,209,190
778,116,176,53,376,294,258,279,99,124
779,161,150,93,387,310,277,177,145,167
780,149,190,72,293,304,290,306,277,153
781,180,117,38,354,361,238,198,241,143
782,178,192,128,295,384,236,190,172,156
783,169,94,136,315,327,248,272,243,186
784,94,154,110,263,193,311,165,267,160
785,208,242,127,369,409,317,220,203,175
786,170,146,139,275,379,322,259,289,155
787,153,213,136,357,371,291,181,234,119
788,147,86,100,306,345,221,168,192,203
789,192,141,154,267,353,239,127,148,207
790,145,153,123,411,262,343,283,225,192
791,155,142,124,384,287,244,217,195,102
792,200,130,132,380,312,246,190,216,167
793,203,173,122,379,411,300,113,212,190
794,158,137,116,289,232,248,181,129,161
795,90,132,110,372,317,190,246,129,143
796,202,180,67,384,443,322,127,229,145
797,172,99,175,346,362,295,164,157,130
798,227,143,142,233,357,278,215,270,193
799,168,161,96,228,344,297,286,120,173
800,126,170,132,406,315,302,215,225,148
801,97,120,143,306,254,259,92,227,191
802,51,125,98,260,272,252,202,175,119
803,106,144,180,360,336,268,110,166,149
804,107,139,55,368,322,269,282,198,164
805,119,160,120,282,342,241,200,116,185
806,127,167,116,256,338,229,243,255,196
807,187,117,81,295,264,281,168,180,166
808,161,159,147,354,297,218,148,119,83
809,124,121,127,288,362,285,181,214,158
810,140,177,152,329,284,302,136,167,146
811,160,121,118,317,218,274,246,219,164
812,192,112,108,303,358,292,227,111,112
813,191,181,117,237,330,301,179,207,191
814,159,161,166,337,466,274,151,146,222
815,158,73,134,312,392,240,208,185,198
816,170,119,122,359,336,299,160,227,166
817,160,50,179,320,329,270,164,137,244
818,174,116,172,367,291,305,221,198,188
819,149,141,144,295,323,285,156,169,219
820,139,153,178,355,272,196,223,152,150
821,132,133,153,376,264,250,195,245,170
822,133,90,111,317,358,318,210,217,196
823,142,102,80,222,319,340,120,170,187
824,149,138,140,327,308,286,187,123,144
825,110,176,100,173,295,308,106,109,196
826,146,147,168,361,328,295,167,229,146
827,138,209,165,283,391,264,199,311,135
828,121,176,142,393,316,309,197,200,88
829,161,166,174,314,228,177,267,217,191
830,128,125,174,330,283,297,250,280,219
831,186,195,119,412,336,316,183,308,119
832,121,196,167,293,275,297,229,199,199
833,160,176,109,354,313,231,224,197,222
834,168,138,99,300,336,218,199,93,158
835,197,116,112,318,342,253,184,177,169
836,112,121,110,299,309,275,153,172,178
837,147,121,140,258,330,296,153,144,178
838,189,145,116,230,377,206,258,145,175
839,155,161,103,368,337,284,225,132,230
840,165,136,155,352,362,280,235,178,108
841,89,156,88,398,344,267,258,224,105
842,119,157,157,313,267,273,177,151,120
843,204,152,118,277,362,294,134,191,148
844,140,108,140,287,333,196,213,242,201
845,108,190,125,297,286,340,234,214,166
846,137,174,127,236,314,313,246,188,161
847,65,158,112,397,237,357,243,198,153
848,148,121,182,328,300,201,72,189,250
849,196,151,106,313,234,196,115,213,100
850,84,115,186,266,219,233,134,160,176
851,129,162,132,401,316,312,195,159,185
852,95,158,95,288,264,341,212,216,224
853,143,133,71,340,389,232,216,199,140
854,181,207,132,344,313,338,227,197,86
855,127,143,107,334,252,264,320,232,124
856,161,174,166,276,373,294,280,198,130
857,116,123,123,306,316,260,223,168,182
858,161,119,125,289,245,249,232,178,185
859,152,142,200,381,322,286,208,159,184
860,76,185,192,381,267,242,249,191,80
861,113,142,145,335,390,234,292,153,230
862,139,167,130,300,272,275,151,185,103
863,146,187,50,362,374,237,233,144,119
864,117,182,131,385,382,251,174,270,141
865,117,164,122,234,399,321,236,207,157
866,200,172,70,349,352,216,122,229,161
867,115,100,157,361,302,320,223,253,200
868,96,127,153,382,344,263,172,180,117
869,150,122,85,392,386,255,128,227,110
870,91,83,82,326,298,265,152,185,101
871,173,153,149,348,344,288,175,217,126
872,114,112,138,302,352,201,223,105,160
873,143,119,179,251,278,236,227,201,195
874,145,151,149,337,320,198,247,206,181
875,167,205,87,376,349,310,187,146,253
876,131,95,101,302,357,289,200,133,154
877,219,126,120,320,329,232,181,203,214
878,126,166,191,339,256,314,207,204,183
879,158,184,120,235,324,325,209,234,197
880,79,64,130,270,338,302,103,231,197
881,173,124,107,321,346,269,171,246,150
882,120,191,80,333,414,242,273,238,176
883,110,162,70,296,348,282,183,139,137
884,108,178,131,387,288,272,126,238,136
885,118,140,109,292,347,310,196,189,187
886,72,202,141,369,369,305,119,182,122
887,175,147,121,367,339,227,185,252,171
888,116,163,104,347,394,279,142,178,131
889,136,196,187,249,367,276,150,164,217
890,125,114,126,379,407,313,191,193,99
891,127,114,146,346,339,197,221,241,180
892,100,123,119,338,312,303,148,173,88
893,149,122,138,362,276,246,99,235,185
894,152,189,141,357,376,217,220,92,198
895,129,134,86,432,338,304,173,130,140
896,110,174,158,330,211,304,188,144,209
897,122,150,170,314,287,343,150,213,206
898,91,174,144,257,322,342,220,182,160
899,145,230,180,322,215,181,149,305,134
900,143,112,85,368,342,273,136,109,206
901,124,177,125,334,336,310,186,203,164
902,155,133,108,292,373,245,109,237,195
903,136,164,181,378,343,258,186,272,200
904,179,155,102,272,239,207,126,180,75
905,160,160,144,226,259,294,177,176,152
906,185,183,114,343,331,271,135,172,156
907,114,135,130,332,264,261,191,171,196
908,122,134,169,267,244,301,199,230,250
909,138,104,98,307,273,234,238,211,154
910,136,85,132,371,385,233,287,240,188
911,203,73,101,350,309,286,226,113,135
912,235,197,174,312,355,350,208,178,163
913,117,160,110,298,326,250,173,166,188
914,149,134,163,377,329,235,123,136,180
915,168,166,75,223,347,260,186,88,279
916,186,130,144,212,303,291,208,208,133
917,128,159,154,286,283,237,118,173,184
918,194,168,121,284,318,269,88,235,73
919,163,194,154,371,361,232,205,90,128
920,96,190,83,225,313,289,271,197,191
921,124,140,132,298,253,302,234,148,167
922,53,110,101,185,235,291,101,189,169
923,160,97,97,313,272,314,182,207,204
924,72,108,153,324,389,259,144,178,140
925,151,151,56,311,316,284,200,185,176
926,183,145,53,405,309,316,153,297,193
927,95,164,205,359,330,296,245,134,162
928,151,80,166,190,355,281,203,244,235
929,138,181,77,282,363,293,106,263,117
930,118,178,93,331,359,248,189,47,160
931,147,148,94,359,272,320,162,128,87
932,119,184,138,418,347,320,208,239,201
933,184,99,205,250,256,300,222,149,126
934,149,157,79,267,298,311,224,151,145
935,168,173,124,360,317,287,88,198,123
936,108,165,163,319,311,267,162,253,220
937,86,138,83,393,337,284,151,102,133
938,132,120,132,279,334,285,286,130,192
939,146,120,178,355,321,241,300,213,212
940,151,148,158,371,401,293,172,129,209
941,103,175,167,362,387,278,117,251,192
942,162,120,124,312,394,320,202,228,111
943,102,182,136,266,362,311,190,209,177
944,197,118,102,369,375,272,242,184,181
945,160,138,128,294,293,297,237,224,148
946,113,149,92,305,379,295,105,142,170
947,123,184,77,337,433,218,159,138,161
948,88,134,143,240,278,269,116,203,219
949,124,135,139,208,203,267,153,129,177
950,81,147,81,339,284,294,140,202,167
951,138,179,76,351,369,255,203,148,123
952,153,132,111,308,304,292,232,189,203
953,135,80,165,331,265,290,222,195,96
954,209,138,125,220,371,215,169,241,246
955,75,118,151,342,281,262,176,210,200
956,169,56,118,322,257,299,211,175,148
957,134,163,108,301,351,316,201,229,150
958,129,129,101,344,370,311,203,231,147
959,86,180,121,224,322,268,164,203,173
960,115,181,140,255,379,296,226,256,194
961,136,135,190,296,364,282,192,181,175
962,164,206,127,289,296,259,198,159,99
963,159,169,57,302,274,221,185,198,166
964,130,144,125,251,346,300,152,185,160
965,124,256,127,357,336,235,238,212,272
966,90,137,107,361,262,303,236,182,217
967,106,113,159,342,333,320,136,154,202
968,185,107,186,227,340,306,178,253,165
969,103,158,148,352,355,253,178,146,153
970,112,155,131,257,415,268,106,142,213
971,146,131,143,393,334,265,219,124,149
972,120,179,112,310,350,242,243,165,241
973,115,184,162,333,274,224,258,140,129
974,136,142,187,253,172,222,180,205,158
975,148,91,106,217,291,161,160,117,89
976,136,118,136,302,268,227,200,197,151
977,125,114,157,378,281,270,179,175,171
978,178,87,73,307,324,248,173,161,220
979,126,167,117,311,322,210,181,214,174
980,141,111,89,232,361,201,202,127,143
981,107,132,92,302,338,276,220,234,239
982,188,163,153,353,366,264,207,217,145
983,112,137,127,393,299,302,202,192,162
984,151,155,128,332,373,268,132,176,237
985,127,154,73,317,322,287,126,165,179
986,128,185,132,395,344,288,213,195,188
987,157,117,136,269,305,330,120,200,200
988,175,158,112,315,322,276,167,217,163
989,170,118,144,290,397,319,117,183,168
990,91,182,125,187,374,251,209,182,212
991,127,118,105,386,352,287,200,178,142
992,88,156,139,272,311,310,205,223,182
993,190,129,135,336,262,277,297,135,224
994,30,152,127,332,307,263,243,176,157
995,150,121,124,312,286,281,160,204,218
996,125,179,68,274,365,285,214,191,255
997,97,71,85,298,372,344,155,229,99
998,131,105,109,289,239,309,158,238,164
999,127,161,158,166,299,232,242,122,112
1000,160,112,121,319,343,285,149,108,171